Date,Description,Category,Amount,Balance,Account,Status
2026-05-04,Opening Balance,Balance,0,25000,Operating Checking,Posted
2026-05-04,Stripe Payout,Revenue / Inflows,8200,33200,Operating Checking,Posted
2026-05-05,Gusto Payroll,Payroll,-6100,27100,Operating Checking,Posted
2026-05-06,Google Workspace,Software / Subscriptions,-144,26956,Operating Checking,Posted
2026-05-07,Client ACH Payment,Revenue / Inflows,5400,32356,Operating Checking,Posted
2026-05-08,Office Rent,Rent / Facilities,-3200,29156,Operating Checking,Posted
2026-05-08,Loan Payment,Debt Service,-1850,27306,Operating Checking,Posted
2026-05-09,Meta Ads,Marketing / Advertising,-925,26381,Operating Checking,Posted
2026-05-10,Ending Balance,Balance,0,26381,Operating Checking,Posted
